wi,Ai,mu_i,gamma_i,sigma_i,fwhm,Rwp: 7.118162,Rp: 2.595300 
Rsquare: 0.717041 
521.1604286204041,0.9148645266209376,16.453328311031385,3.976202041152179,0.004043149929593356,0.045000000000000644
9.485414407128479e-06,0.1335210261693106,16.494517582599233,0.1871768246552323,0.035581840568968175,0.11750000000000167
2670.0924546361694,0.5246200536845141,20.794772404609397,0.06018221965803599,0.008701522039250918,0.035000000000000496
50.59202473154284,0.8578570453052469,20.847047727442444,0.15420062677643592,0.05175820116718645,0.07500000000000107
103.67521755808843,0.3942582367196915,20.920887750359313,0.022360679774997897,0.0007538032109471863,0.015000000000000215
4.854438992612698,0.612685228051998,20.973487272269193,0.022360679774997897,0.0005,0.012500000000000178
1525.6459450337234,0.5819800055818349,23.310096962763165,0.06220614286793431,0.005825108338101867,0.035000000000000496
0.21198443200938244,1.0,23.368864299534767,0.6309575070489721,0.0005,0.29000000000000414
558.9657978127057,0.6596062615134302,24.548965452064362,0.06139551023065808,0.0035913625796930105,0.032500000000000466
0.39329515171596957,0.9999107562033106,24.610951639517367,0.5016227603422706,0.0005,0.2250000000000032
767.9599239275744,0.5655065662087146,25.56069656857858,0.058336293854467175,0.003836065557547306,0.032500000000000466
0.002765602606449839,0.9055652443298977,25.625322718603417,0.022360679774997897,0.0005,0.012500000000000178
2357.686635756984,0.5462926114678238,26.69631898254063,0.06089124903041288,0.004052756081765636,0.035000000000000496
0.001575719928886956,0.6906441069245062,26.763921065525146,0.04969232437056033,0.0005,0.017500000000000248
1752.0042292882563,0.5470088975010954,27.668715721403704,0.06191917020072078,0.0036809024118272336,0.035000000000000496
3.9142323755609416,0.1943456593175425,27.738877166605658,0.023787507334317618,0.0005,0.015000000000000215
2750.939578151064,0.6052031920342745,29.66518279098002,0.06013160347667799,0.004219766077034302,0.032500000000000466
73.48414980770615,0.3565372691390144,29.740633183090218,0.025678278093652328,0.0005,0.015000000000000215
1033.098062197892,0.519458491862571,32.33093568366855,0.06472060537767034,0.0052101276854306985,0.03750000000000053
38.90993169456375,0.46306330672958224,32.41352551049392,0.02903323251197798,0.0005,0.015000000000000215
1473.6094006000324,0.5603627327239397,33.1435304421959,0.07143957096245107,0.004713146849762781,0.03750000000000053
42.08892915732878,0.8407493621955973,33.22831547317538,0.022360679774997897,0.0005,0.012500000000000178
14.714720985767215,0.828967185873681,33.258680946029685,0.05158852985540188,0.0005,0.020000000000000285
8.660670562805933,0.3639070598235539,33.34377780076457,0.16686798664870844,0.0007986410392526818,0.020000000000000285
270.75438916744616,0.6362967407277222,34.18787667172402,0.08064090967037327,0.003934499813363459,0.04000000000000057
8.47563247237882,0.5472383503589667,34.275496706318584,0.022360679774997897,0.0005,0.012500000000000178
42.54160278077018,0.6878987833779104,37.21663549710583,0.04205649971833863,0.001201505492499443,0.022500000000000322
79.7795817079809,0.7391072333464208,37.31257017502571,0.14412594979157742,0.005519459598602281,0.05750000000000082
313.29019641918615,0.5377915554712608,37.29475348128169,0.061255347337581256,0.002216993324928165,0.03000000000000043
85.38189298096752,0.7069078680353376,37.39090452726177,0.03797575968137276,0.0008771343647611614,0.020000000000000285
47.42488746744931,0.7358429445516975,38.13802167135016,0.07401069675567791,0.0037455102498639686,0.03750000000000053
26.976063088310223,0.9034087823407161,38.2365147897143,0.4783998786451842,0.0005063828839789743,0.017500000000000248
524.489904134556,0.794097234209825,39.52221212151946,0.05983938416504075,0.004334598184034558,0.03000000000000043
98.44574446890104,0.6736810834403892,39.62457582549792,0.03488053805790059,0.0011378342210428074,0.020000000000000285
131.46763014654255,0.8160680435968456,40.2432844036063,0.06564910930948899,0.0028796809409101275,0.032500000000000466
37.77609746136433,0.6585402489688279,40.34767775125186,0.14524581491271227,0.000684941557714999,0.020000000000000285
166.52577105406905,0.6856504069498579,41.07972011751469,0.07193989041690754,0.0026477650353367347,0.035000000000000496
25.803011515961032,0.5934137441360581,41.186479645397,0.03592873676853951,0.0005,0.017500000000000248
684.039073975807,0.7731827383838326,41.676573484993824,0.05924858652411039,0.0033756762987602208,0.03000000000000043
175.49822686373835,0.7636762969132599,41.78502938947608,0.040186943331895,0.0011757980364337974,0.020000000000000285
117.69825844459541,0.7419139184418482,42.31692234187816,0.06375304738959305,0.003892049027237882,0.032500000000000466
12.712540507764352,0.5786272520480751,42.42720577578798,0.03793459238097028,0.000511858902843898,0.017500000000000248
40.47585210624618,0.8585540396968225,42.343875859630444,0.1579682085854213,0.010160391809854353,0.07250000000000104
25.572925063772924,0.9076760146822093,42.45423639111018,0.26083422141201473,0.0005,0.020000000000000285
21.938785645849585,0.6235377720902057,42.583037978866074,1.2390000545598883,0.08866468336782324,0.2175000000000031
15.329723667428766,0.4607809204451826,42.69408322669978,1.2194491768091367,0.06000561741974626,0.1675000000000024
1336.1400064622433,0.7756325161195576,43.70134909886952,0.05399888538063132,0.00263527953652757,0.027500000000000392
367.03084657612266,0.728777402880322,43.815611048896365,0.041812508574846065,0.001425254504820391,0.022500000000000322
754.973247252338,0.7726842545709126,43.72761381523096,0.06492687107280065,0.002724261356476194,0.032500000000000466
276.9350966451639,0.7069473070351442,43.8419516144229,0.03632514212800386,0.0015183485855882052,0.020000000000000285
88.40813965041679,0.8344374546648832,44.44982573462908,0.040897876133028976,0.0008501290259235787,0.020000000000000285
182.846986680264,0.735560967025644,44.566254722028305,0.11283214141705128,0.0017774527069179477,0.035000000000000496
476.4362918346309,0.6911758793810462,44.51050586557059,0.046183053475914136,0.0011095785106023843,0.022500000000000322
399.1355466481618,0.747614858661635,44.627111044675345,0.06083185879548632,0.0017625227970954364,0.03000000000000043
652.3100508720584,0.6527731449324126,44.616026292188046,0.09548229176107226,0.0009843241064209827,0.025000000000000355
212.61746662487144,0.6565063048250889,44.732938044698166,0.0380444732232949,0.0010578461924559926,0.020000000000000285
546.1205421920697,0.8380339499841691,45.92309038383362,0.06725428305314406,0.0019310495031508088,0.032500000000000466
126.2206068837101,0.688997932298092,46.043819158095275,0.04035793377663402,0.0007734540342852486,0.020000000000000285
65.01819127774164,0.737880007230799,47.661710061879745,0.050081222126282264,0.002322708260696209,0.025000000000000355
16.04389530634606,0.5986259602106023,47.78757410641528,0.038414098725734015,0.0006256550867723207,0.017500000000000248
33.77583610692835,0.757470137028084,47.68626031848286,0.0865563417253276,0.005135431447689401,0.04250000000000061
5.769858313404867,0.6131378835989971,47.81219736529529,0.05590067734847829,0.0027900475270053507,0.03000000000000043
3.951021039170529,0.40718130404294234,47.84368951960519,0.6826263139675727,0.000504129248120463,0.015000000000000215
126.69453273982438,0.9433865664716956,47.9700950260568,1.2052369458281202,4.504127865688607,0.565000000000008
149.86559481743063,0.722933582407749,48.35578702565913,0.05404002964783576,0.0032347853497108245,0.027500000000000392
58.309753002510526,0.8089252001531259,48.48372035708834,0.05273185358131429,0.000868770968609919,0.022500000000000322
39.913923131728644,0.9999999997147195,50.325438426783656,1.1078680106139465,0.000725728196052247,0.5100000000000072
3.4292994429745525,0.8300140540957833,50.45930653864377,1.0868931861601105,0.0005,0.015000000000000215
356.6785001627572,0.7732549624276439,50.842306869580426,0.04609120610156542,0.003054587609969725,0.025000000000000355
133.67789852326445,0.7271395857244086,50.97774820182249,0.04495632536463564,0.0007914348127697304,0.020000000000000285
174.24793978462176,0.8186260800600389,52.44915504677176,0.05836003342359547,0.0027824151138030003,0.03000000000000043
62.89038077011851,0.6912280368395382,52.58953109334907,0.04787951784011431,0.0014329831671678706,0.025000000000000355
71.86154816023911,0.7839382189886117,52.51780534395277,0.12614978457924905,0.0011911920022788637,0.03000000000000043
18.87702821590058,0.6026282420925859,52.658393731273655,0.042907166391815896,0.0014613549782564867,0.022500000000000322
13.838263361986595,0.6285524990689726,53.086274948351345,0.23800498209071058,0.0012524745550958642,0.025000000000000355
14.844180317896038,0.9010485001766618,53.22862652832224,0.09649299375150774,0.004934400968325416,0.045000000000000644
72.60708420578626,0.5127937910774027,53.29093106332125,0.9515332024543844,0.0028309512256858666,0.035000000000000496
33.10102863826333,0.439744023369284,53.43391956117984,0.6471180716023669,0.0017497073495524262,0.027500000000000392
86.74722168651344,0.7536469345985031,53.63096442129876,0.06067290338114144,0.0011784088243876147,0.025000000000000355
63.39895144141167,0.714378961749562,53.77501369107247,0.08337919057971697,0.0014921965853884707,0.03000000000000043
134.06077579245593,0.717946757057501,53.69855916079719,0.061956955713747014,0.0006796479529563208,0.022500000000000322
73.82899126310527,0.6824079481916854,53.84281968034291,0.051257296918232415,0.0009868306604003162,0.022500000000000322
107.31344819328706,0.7042663605855687,53.76492212498996,0.09979281354478237,0.0019787018040429236,0.035000000000000496
36.95071238147262,0.7909202219052532,53.90939016805876,0.04550577134305191,0.0007089804865674132,0.020000000000000285
98.06528109549379,0.6314711934543867,53.78742156753755,0.10946613679002459,0.0010850400692240512,0.025000000000000355
32.34320713346173,0.7121037510161852,53.93195999636333,0.03955371322830688,0.002210798930562706,0.022500000000000322
10.590845060714345,0.9007102472344367,54.99828092725718,0.42107664559010616,0.0006987745324922478,0.022500000000000322
6.579756751380965,0.5269189192118983,55.146628359084666,0.824545418902888,0.32149715668225354,0.37000000000000527
176.4880452097562,0.8326459303130107,55.38860762334868,0.06149527904936393,0.003522349951889248,0.03000000000000043
63.02810889573483,0.7967655658301699,55.538191854847355,0.05143026255681397,0.0011673807995764387,0.025000000000000355
53.27351845827255,0.8580003355168614,55.702019758650295,0.06100006732030848,0.0006502011917923653,0.022500000000000322
21.104107206259826,0.8159228665595996,55.85260029598989,0.04938336629481152,0.0005294653920325646,0.020000000000000285
45.92475149063251,0.6382628012482162,56.5396806195699,0.0474762772621357,0.0022800702044323507,0.025000000000000355
90.76294158428952,0.8134787514322057,56.692938294576194,0.052337560082945975,0.001514745429446002,0.025000000000000355
32.44291023313336,0.6468111727347852,56.55285196399675,0.07114388155273614,0.003715767936432516,0.03750000000000053
79.91454632950068,0.807523018054011,56.70615190235038,0.06254398344092822,0.0023078690778757524,0.03000000000000043
219.04660628432532,0.8108956428862988,56.69243337869881,0.051736102969970665,0.001429822538112366,0.025000000000000355
172.91509209019097,0.838595874178384,56.84618151988721,0.05541812064912346,0.0012494441599217477,0.025000000000000355
239.6041396756654,0.8710791819394649,57.07507995301451,0.06317813377196495,0.0015895138634412546,0.03000000000000043
88.0940880607334,0.732821795968199,57.23005983625498,0.049843055752094204,0.0017655909061104606,0.025000000000000355
124.55956447443008,0.7757892972615911,57.139927487142465,0.5618006926945993,0.007981715717210774,0.07000000000000099
8.48085275790702,0.8616616204187352,57.29511655987872,0.2312211694173235,0.0005463198789963645,0.020000000000000285
22.161236195615302,0.6443524586582977,58.47820806266349,0.0934900974079828,0.0027255381236214325,0.03750000000000053
22.2358731106101,0.7726456186248858,58.63774356021887,0.055675785375012755,0.0008504306832507609,0.022500000000000322
132.6506163685782,0.6940849965595941,58.69589386980944,0.10249113934487877,0.0013221399998900828,0.03000000000000043
70.27936581304691,0.7497625888854716,58.85614173475142,0.06607732194685569,0.002895273058840003,0.032500000000000466
3.5599400206734124,0.8710512674211461,58.92985765652884,0.10857932870174061,0.0010622044267828363,0.032500000000000466
14.673891662453071,0.8221767080784447,59.09087286506282,0.3803663352969573,0.0007347070343522473,0.020000000000000285
43.69445460115646,0.7711930495644947,59.873216316962036,0.11769409331342938,0.0009230580453997181,0.025000000000000355
16.674011160202355,0.7987940572317691,60.03734370860263,0.06602210103202522,0.0010916517092178528,0.027500000000000392
26.20181439319821,0.7972582256808863,60.65327519745376,0.14640702555962148,0.0008381146910391009,0.025000000000000355
6.328362307883792,0.19876491454903655,60.81999850870232,0.04506019272038568,0.0013082305696860395,0.025000000000000355
11.376295772251991,0.897186750134838,61.593126855283295,0.5058593841940004,0.13868606145014664,0.23500000000000335
1.4750027412950693,0.9904415444053616,61.763005607788756,0.4306942739843658,0.00573102441378171,0.1475000000000021
12.494844711331403,0.9543272312565452,61.61376014003475,0.5071519546009459,0.1390161706049012,0.23500000000000335
5.829867248273072,0.8690139486885675,61.78370851267519,0.6570395327922985,0.2720945306288738,0.3075000000000044
75.59313677977143,0.8110823180246965,61.95686754323576,0.0597577891266725,0.001841099941287064,0.027500000000000392
74.0701558498719,0.8088744397759261,62.12797582710478,0.09765422694832325,0.00224404249273154,0.03750000000000053
302.92935637233245,0.7214438163831116,62.046132691885695,0.05718398178548127,0.0015968390015003474,0.027500000000000392
163.14821214179003,0.7898222022181512,62.217543432652036,0.05941238628223943,0.0017320427003846822,0.027500000000000392
23.946539114726768,0.6393428509104923,62.53978823274041,0.19734159639412746,0.002035430718940551,0.035000000000000496
14.696623888357612,0.8445839999994632,62.71287679224912,0.1297713678014085,0.0005,0.020000000000000285
15.286032723836126,0.6810465566516036,62.601137081698454,0.5874441301531743,0.0010715482249391442,0.022500000000000322
8.24289170046324,0.6397672506884363,62.77443476682698,0.6066457895277628,0.01648687596918645,0.09500000000000135
188.93925006346512,0.8450791065802944,63.29356343776218,0.05742387016216034,0.0021402315679362348,0.027500000000000392
77.28356933178483,0.7312633556315092,63.46923101474723,0.06256278054055342,0.0011861844021561672,0.027500000000000392
58.93855043246937,0.8996776159709511,63.52428643526057,0.07152145045671743,0.0009668489318376954,0.03000000000000043
26.71993720713356,0.8469172012070986,63.70074761995588,0.09966643697935089,0.0009343236188529517,0.027500000000000392
262.8738705782612,0.9197243196305538,64.5745068895163,0.07138576300898604,0.001465672893280198,0.032500000000000466
119.79134545205618,0.8725436885275453,64.75460584293747,0.06231765773582875,0.0020930477402860397,0.03000000000000043
133.23465134991633,0.8374532567469123,65.19646691473632,0.05764586889153542,0.0018158779857860641,0.027500000000000392
74.35407485000776,0.8677092890312429,65.37874022002019,0.055925980855265484,0.002470344184181999,0.027500000000000392
12.345983060040208,0.8702823839578694,65.56109871868848,0.19190940747508944,0.016950237765168713,0.08750000000000124
3.3153449195116207,0.3666379742140426,65.7446538263408,0.8967049601543905,1.6535008543671157,0.565000000000008
22.529603476218476,0.8173170762288975,66.00422741355064,0.12933295774624715,0.0007566665823519903,0.025000000000000355
6.347601047066966,0.5565984862259582,66.1893473953765,0.6985437375265497,0.27346141843211874,0.3300000000000047
94.98822637130975,0.8211550935375687,66.37176875943538,0.10738916271662316,0.0009492953831331922,0.027500000000000392
43.25768875394357,0.8235633347599497,66.5581926903989,0.10148922828719725,0.0005245411311217432,0.020000000000000285
197.04038677984948,0.8429060183262657,66.59417215014838,0.06815148572385922,0.001791819417519915,0.03000000000000043
106.44916865726051,0.8678367192285692,66.78138778798979,0.06526867223386743,0.003117615829272069,0.032500000000000466
158.91185753238204,0.8528335609895937,67.18673117637786,0.06838405047793171,0.0016278530579291858,0.03000000000000043
76.60987827328032,0.8370248808390105,67.37606614955384,0.07128028183843226,0.0011345432741375547,0.027500000000000392
51.953318625608595,0.8158106845143133,67.52988968179265,0.1585775834964107,0.0016257032497610914,0.035000000000000496
31.023865800186076,0.7436161767450113,67.72045868805391,0.15202511166362395,0.0010837850181241084,0.027500000000000392
21.806833216751436,0.48599567252973275,67.67295803848556,0.5386429595310839,0.04795413896199397,0.15500000000000222
9.900905923231084,0.5785508651083687,67.86404300052607,0.4589477351261413,0.029670760381452006,0.12500000000000178
13.461386154497193,0.8233881100358827,68.17190637281705,0.12563964764093952,0.0005,0.020000000000000285
23.143095377594957,0.6743488918119649,68.36479754679915,0.22469549435296166,0.009698816416953119,0.07500000000000107
94.3489237317255,0.7748785206491705,68.27016764423719,0.055599380467468644,0.0019387161347216091,0.027500000000000392
72.51935224540118,0.6689249551062689,68.46341578762957,0.09278621429276324,0.0019156147542856927,0.032500000000000466
123.699817158694,0.8305281143249446,68.4228109438191,0.0672822183045251,0.0009471993622691711,0.027500000000000392
77.99464570201499,0.7423578012427815,68.61661444748374,0.07619424004823072,0.0016779930059123642,0.032500000000000466
96.78832941710762,0.5493039775500035,68.53116233612798,0.1484382161531117,0.0016311834969619248,0.03000000000000043
45.62524457465914,0.8468603028736033,68.72536066742212,0.05542980434393469,0.0011557212005876857,0.025000000000000355
4.253459732002677,0.7529525519195278,69.30515861562507,0.2367761789695548,0.0008367091395276127,0.022500000000000322
13.960761835192587,0.9072757777387405,69.50219234294246,0.022360679774997897,0.0012058947698531848,0.012500000000000178
67.90562466350323,0.52549847107014,69.56073447336509,0.15692869438159182,0.0008385851214470526,0.020000000000000285
24.679138841367397,0.7077734345196482,69.75871029968673,0.1984483668521582,0.0057026091652320945,0.06000000000000086
63.069231694562916,0.7232659150845292,69.64737065319174,0.09560055202176822,0.0012004736098712198,0.027500000000000392
18.765923796596503,0.755976007756792,69.84566650211514,0.27680222710201585,0.004126385269906834,0.05250000000000075
54.8803501673698,0.7533588197019171,69.65755461115397,0.11293296699587665,0.0019344517386408783,0.035000000000000496
17.534341135029862,0.7953474954756229,69.85588810049961,0.28012906211685934,0.007562626845659551,0.07250000000000104
40.8747079555197,0.7092263768730807,69.77164170481976,0.17389332814494782,0.002724670248802896,0.04250000000000061
15.610217373557518,0.8619721681261768,69.97039718611174,0.24980991183603013,0.016463372488901756,0.10250000000000146
45.11670147351729,0.6875280338540354,69.82966202096301,0.24653697874103112,0.0035956794817637405,0.045000000000000644
34.55832148330316,0.715567902845059,70.02863233717443,0.0548067037548742,0.001709582951839967,0.027500000000000392
78.17780904031439,0.694087645150112,70.0300465769163,0.05026698156090682,0.0015218224411787168,0.025000000000000355
68.95857680475478,0.7917868969133729,70.22976004420792,0.04813170465594079,0.0024504479179554947,0.025000000000000355
31.38242815329299,0.7952052256225312,70.66147336222495,0.06259299182554039,0.0012988229584587777,0.027500000000000392
11.811311625587226,0.8962099113112941,70.8635405982174,0.08074312683236216,0.0030319907343761263,0.03750000000000053
32.23951447333643,0.8519839541732723,70.88913783414252,0.0803452471734596,0.002891405728091423,0.03750000000000053
16.08650151802655,0.9120599657555563,71.09205826886728,0.2118172564208309,0.004210645284944093,0.06750000000000096
43.24710461699807,0.6769779729093414,70.90834603368076,0.07037413696421328,0.001346722108619253,0.027500000000000392
24.829877995734833,0.6384270268829754,71.11133856427091,0.07629298098387134,0.0010437149979333389,0.025000000000000355
31.526544979300404,0.7702055553292769,71.19315289634456,0.05411796773171566,0.0010168882190651778,0.025000000000000355
30.709299545501196,0.8932909646976579,71.39721645493661,0.1359863669535591,0.0006575520736238445,0.025000000000000355
4.8314711151678456,0.6180268500499074,72.01319554680583,0.12691864228163738,0.0005,0.017500000000000248
1.247857610857145,0.9270355668799735,72.22036447229821,0.10948323863381666,0.0005,0.025000000000000355
10.994563962026,0.7703897199293147,72.04529367493319,0.39861957666612147,0.00233232662057058,0.03750000000000053
4.248665931621653,0.6838166593383228,72.25258480944063,0.04344420669350798,0.0007090205973895714,0.020000000000000285
32.978086358827994,0.6307836078390381,72.29367721516367,0.05155935124660666,0.0011980908909001095,0.025000000000000355
32.60681845942432,0.8628170775814332,72.50191573127228,0.10219732010876954,0.0007803714261727774,0.027500000000000392
5.766409619463343,0.26582433146296625,72.69334678137793,0.7278826863678128,0.6993315200250778,0.46000000000000657
3.260507547159777,0.2855969800135033,72.90311606614321,0.595451993926488,0.5473805542409874,0.38250000000000545
24.476327709616992,0.8474837795327265,73.54341952474726,0.15413172938934158,0.0010731284754249796,0.03000000000000043
23.30558831942149,0.813574531097231,73.75647113250153,0.1520283173167389,0.0069044717798606116,0.06250000000000089
101.28235355954592,0.8332159629574978,73.63802617568005,0.07097632003229445,0.0029248960071332703,0.035000000000000496
42.241984105335376,0.8179622676393048,73.85144533949422,0.05476014997064406,0.0015025082781566954,0.027500000000000392
13.216645683879623,0.5560663820849484,74.19529893960367,0.039941851660427935,0.0010433868568197828,0.020000000000000285
9.583976503958645,0.8964478476717936,74.41089248743867,0.1176878638487416,0.008100317917222646,0.055000000000000784
46.502793006274715,0.6458358859392603,74.4473447943723,0.36095752072190307,0.0013890641768074415,0.027500000000000392
25.98661253163651,0.7632701712457695,74.66392706853499,0.20026662480186522,0.0017587903051676794,0.035000000000000496
74.32255818508924,0.7261552219697581,74.60987456439753,0.12316842034635747,0.0020699749869208884,0.03750000000000053
33.72524064305293,0.6932153070421726,74.82709617487892,0.24078332554952947,0.0014883590347813283,0.03000000000000043
39.03999545844124,0.8046302132539673,74.99989382869705,0.17359981296749857,0.0010084408412467279,0.027500000000000392
21.71778381777211,0.32244565663979957,75.21865533081136,0.5456588407719526,0.06042628532229524,0.16500000000000234
46.852946512809105,0.7730992693740569,75.44300113304448,0.2586496629409437,0.001295629588170938,0.027500000000000392
19.624596937103885,0.36891950348375874,75.66352198087198,0.5270886243436892,0.02112584565070708,0.10000000000000142
41.43206142629599,0.7202083176156409,75.8788617151551,0.13774850265942332,0.0017271117395005915,0.032500000000000466
10.245100642356899,0.5925191930505797,76.10112349509373,0.08121646485564013,0.0015340622348518859,0.03000000000000043
27.067334387268943,0.5982706224995692,76.11512569554614,0.07405669125015005,0.0015052326067862666,0.027500000000000392
17.35245048401426,0.7972868509571045,76.33833551557497,0.0902941471682491,0.001458107951763819,0.032500000000000466
104.49347584769657,0.8999515635394939,76.41653525607059,0.06563404507106856,0.0025868262302883543,0.032500000000000466
61.0215623425114,0.8940528950774883,76.64095900138516,0.07590073943793298,0.0024590371077780914,0.035000000000000496
46.742795521040364,0.8247647826813309,76.94028239677513,0.10838194084289574,0.0014173561020324624,0.032500000000000466
21.552633504621845,0.7153230522543667,77.1668276133532,0.1933508983844503,0.0013604691504649083,0.03000000000000043
46.90699057842554,0.8851075259962569,77.32003958410532,0.06984911443283805,0.0019032765026378757,0.032500000000000466
20.215563804478084,0.774302443019302,77.54813274788448,0.08126745254590736,0.0019020409102419155,0.032500000000000466
19.958433444186436,0.8334196561266284,77.92882477861491,0.5738457610075064,0.22075254340179495,0.2725000000000039
22.271853386050434,0.8544998923625342,78.15941676161094,0.09577907429661453,0.00691282466021759,0.047500000000000674
157.12411229372606,0.791906934429542,78.16710979753762,0.05095236333504507,0.002773515195618058,0.027500000000000392
114.12898202533196,0.8787327941941221,78.39868573058435,0.08058148115677052,0.001087817404717649,0.03000000000000043
37.829055837334764,0.8393439364089872,78.50410858629137,0.09094206446947799,0.004503424071732567,0.04250000000000061
8.806545377003754,0.5703561042829735,78.73708181321307,0.08403092285991261,0.004075741867308521,0.04000000000000057
7.73840400064508,0.31340976805492454,78.613289279327,0.2599298212131925,0.023620593532116207,0.10250000000000146
2.469352474714366,0.31362937289812814,78.84671664997958,0.08798339745235569,0.0064804418989474555,0.05000000000000071
6.136799753561685,0.2722647126898168,78.66882905045132,0.47422399279452493,0.018619061662142194,0.09250000000000132
1.9770085015755847,0.3864450387870661,78.90248771578668,0.03477095581746562,0.002347760706434616,0.022500000000000322
0.037905782094907504,0.9981794679171052,79.25380187920771,0.31178441290569064,0.0005,0.09750000000000139
1.0556116673548477,0.308708509885473,79.48990795407286,0.022360679774997897,0.0005,0.015000000000000215
4.845478045561392,0.9767631665560783,79.31453303051616,0.05556691192586463,0.0005,0.025000000000000355
1.5355339585551957,0.8734005257920641,79.55089438376457,0.10685652344643566,0.004523735394076248,0.047500000000000674
5.866287983166085,0.36492440156223055,79.50697248097066,0.1941638376614397,0.019363731723006948,0.09000000000000129
0.7522907373778774,0.4582771287364053,79.74414423117118,0.022360679774997897,0.0005,0.012500000000000178
14.338366333631468,0.8689606197339628,79.8327437390866,0.08386386303422466,0.0033679107081814484,0.04000000000000057
12.084553987980842,0.8638141139696165,80.0712925782943,0.1006611039021028,0.005829685000074355,0.047500000000000674
24.226381071571588,0.7559282001084309,79.8390578511098,0.06772740912964306,0.0024301750516279,0.032500000000000466
12.896285136499426,0.9048718200877767,80.0776334461679,0.08100350428387885,0.0007152333166303898,0.027500000000000392
6.000266737204752,0.3012464761692946,80.33175276440117,0.4763782892711381,0.03659851820504329,0.13000000000000186
3.967963973926336,0.3045612228318794,80.57242383496438,0.4099133332376014,0.014551242716725856,0.08250000000000117
39.6077638725275,0.8824514441655347,80.81153816600795,0.05593015276006577,0.002289312465720296,0.027500000000000392
42.52730940155178,0.769981970807293,81.0542645689927,0.07555082420070301,0.0015466803528672085,0.03000000000000043
67.41849386285651,0.9008634967941346,81.03648451880723,0.07827117015607044,0.0017894886540991565,0.035000000000000496
33.03982558701463,0.7292876343453263,81.28017964138719,0.06009470294937714,0.0020076101402981407,0.03000000000000043
7.582863019236948,0.9303338771600896,81.37190933876249,0.1326154364594796,0.006174433869947305,0.06000000000000086
4.896052223231594,0.7607045121731687,81.6170550443332,0.19613303869795426,0.008458797142652805,0.07250000000000104
10.725489449019221,0.832320815787638,81.59892864703866,0.08045114927024367,0.0005915754903620432,0.022500000000000322
5.413373649877267,0.8475121464040699,81.84506029892387,0.1310110727560251,0.0005,0.020000000000000285
6.230301478256667,0.6634152407947312,81.61727571872872,0.4612366562803352,0.03802574746816625,0.1475000000000021
6.963896943910753,0.9234197535888331,81.86348720021141,0.093122311570022,0.0005945465205464812,0.027500000000000392
24.964065262429227,0.7596722230937965,82.68819453834622,0.19135478449408877,0.0009097113218241679,0.025000000000000355
19.7474497869135,0.6070669904702244,82.93910462351934,0.15506308839345545,0.0005169509564677043,0.017500000000000248
52.46485655051944,0.8433421891886786,82.8422333288125,0.062399204893817714,0.001011545714922972,0.027500000000000392
27.746302941949786,0.8478896922643058,83.09382563874527,0.07952827186996181,0.0008538199322411128,0.027500000000000392
60.71412325238375,0.8527752284447704,82.87545885518448,0.0631882178930053,0.0006310284543391807,0.022500000000000322
31.934524727004025,0.8389742636529626,83.12719853170856,0.09275106242726215,0.004831545920409549,0.045000000000000644
51.649672291456774,0.7891055841561191,83.15646459207761,0.046788479875257284,0.0029064687506590997,0.025000000000000355
19.232285231402418,0.5016146984241541,83.4094536716987,0.1401553628860466,0.002098509248559911,0.032500000000000466
15.053548370085867,0.5554970331615935,83.53925323638525,0.11372616563708308,0.005681574507719,0.05000000000000071
8.378445028860734,0.7784484014565664,83.79395309891025,0.10222623688997325,0.0011399561678840024,0.03000000000000043
11.730311374802605,0.8691058690712737,84.08745533553159,0.09669145964664899,0.0006047801164669673,0.025000000000000355
3.41391708139383,0.3826510655806837,84.34462324245547,0.10155729289385046,0.0020850289656822022,0.032500000000000466
6.8442096369803025,0.9117376241783591,84.10665411004022,0.16835739175117145,0.0035164906417791512,0.06000000000000086
1.1979662031128815,0.9332694356809867,84.36390883915736,0.23272265786530252,0.005211145911346388,0.07750000000000111
37.89435089586923,0.9004430470665261,84.57517716916912,0.08352769777947877,0.004160589354118217,0.04000000000000057
31.87341202186132,0.9380229316540879,84.8345589225868,0.08819415237881267,0.0008922847507659777,0.032500000000000466
66.79266242968586,0.8379743180439553,84.59960325123212,0.05986417050883095,0.0033207683751064194,0.03000000000000043
38.02709405781286,0.932959324680813,84.85909633169823,0.08536080924626788,0.007413554453835791,0.04250000000000061
1.1223520245731478,0.2120301332700184,85.09454767309656,0.022360679774997897,0.0008120397237545128,0.017500000000000248
1.0126552606686907,0.198341871918687,85.35630598613824,0.04114123716118173,0.0014936747459421145,0.025000000000000355
0.947195283152793,0.6141189475953792,85.18562828002078,0.9803497847181702,1.184014534406946,0.5200000000000075
0.12441199452289158,0.997028521637989,85.44780541452526,0.4878321909859725,0.06221419741998639,0.2250000000000032
27.21435711338811,0.8657132435358673,85.56803044044987,0.06947829187709124,0.0034318250677095505,0.035000000000000496
26.845576458133735,0.8928135134621961,85.83197275066402,0.13163911009625517,0.0005,0.022500000000000322
3.0893731093221577,0.9999297250661549,86.38348077704026,0.29337690578267966,0.025955796439451447,0.13500000000000192
22.505833023300916,0.4931622327686992,86.65122418665,0.21400394333785172,0.011874122796594841,0.07750000000000111
9.648938989092347,0.9964040543221275,86.44521488196654,0.2762387336442898,0.04352684583994699,0.1275000000000018
22.177304384692512,0.7427069220330863,86.71324813455826,0.23678372870713524,0.022850825066097393,0.1050000000000015
105.92161294957246,0.687809236983525,86.50026549017993,0.07268690524651637,0.0031720010411438373,0.035000000000000496
33.14770096958771,0.7013176803973088,86.76855745599929,0.07039963180524444,0.0013146744582549221,0.027500000000000392
41.09956561888946,0.8704814723108735,86.91223888981607,0.08555045435488727,0.005417040988141301,0.04250000000000061
10.375654959311833,0.9421278309526924,87.18247445543699,0.17354782821704934,0.0005111726751823559,0.025000000000000355
34.4779032451043,0.5685852621130272,86.94854376013807,0.32624303440639013,0.0033243350863024577,0.04250000000000061
20.69319471197426,0.8782863343167169,87.21895124297589,0.06688908407469923,0.0019232183026258102,0.032500000000000466
43.340582828335606,0.9239375178646588,87.67302104146273,0.07874217599371655,0.002609725788486141,0.03750000000000053
26.19203787536936,0.8675951466870578,87.94688112395811,0.12194343459891221,0.0005,0.020000000000000285
8.631229794636003,0.8694238078247368,88.06399805771646,0.22191466902241347,0.0018642879699184282,0.04000000000000057
1.919010010586062,0.8787819863437869,88.33973897776976,0.12081124074016089,0.008484357059587042,0.05750000000000082
3.708267307923887,0.8792060206231033,88.63838552165171,0.22513413208124747,0.0005,0.020000000000000285
6.383312467235719,0.5299803418038791,88.91691238678186,0.4952428720181621,0.01740982792693304,0.09500000000000135
28.33184915401034,0.8106218521784125,88.72577985036479,0.07928685547355963,0.004633667768629755,0.04000000000000057
12.269934978920617,0.8974187989711535,89.00473300953544,0.12162000448692081,0.0015641903820732004,0.04000000000000057
45.42830448359142,0.7016762353607298,89.07552348940902,0.2375662924596293,0.0023025658610434383,0.03750000000000053
35.23053424746911,0.6691024101372041,89.35618907189918,0.06834635863000803,0.002475505287382885,0.032500000000000466
34.96245384361491,0.7463967767218875,89.12998205632435,0.1409607366089444,0.0032645869836444423,0.045000000000000644
11.609539216611106,0.820103795806285,89.41091521210119,0.26604769806653283,0.0029826731299102947,0.047500000000000674
60.33763815490107,0.6431889205121833,89.28042180504377,0.15145110456008865,0.0013076748543209293,0.027500000000000392
27.299749160926986,0.6374145228736506,89.56209543544784,0.11647640827946626,0.0014036221318331661,0.03000000000000043
26.26524099087407,0.5063176419887477,89.67019829805729,0.23288200413602822,0.004466368702410259,0.047500000000000674
5.92204083021873,0.7262577966423674,89.95379946936676,0.06208833961492767,0.0026334218497414867,0.03000000000000043
11.035812200027927,0.7662780667215003,89.69938711162307,0.5526045187841631,0.02679702898517565,0.1325000000000019
5.55710480682292,0.49511202925766734,89.9831331570236,0.05331196632123458,0.0015382202004922893,0.025000000000000355
20.110273998185654,0.6427858625871041,89.90331921938176,0.062310375285220654,0.0018113006375796306,0.03000000000000043
26.546863670203173,0.848833512844853,90.18807951817476,0.15628271645619235,0.0018822801892287582,0.04000000000000057
4.321179306561813,0.9928150081369145,90.70816808610174,0.2218904511934784,0.006838877994802224,0.10000000000000142
8.56073753181447,0.8607151358742676,90.9969670474479,0.08091326934302477,0.004070687883653207,0.04000000000000057
72.45016634244371,0.46433521944503786,91.1075269100118,0.22319072261613032,0.0034284360168826264,0.04250000000000061
30.653784439949668,0.5644716723686948,91.39835135378213,0.1036566817631489,0.0016171661481508264,0.03000000000000043
41.06557608389688,0.6795988368993331,91.21789420381413,0.1480625220638803,0.002232426162856301,0.03750000000000053
18.598990267694845,0.7929744598740908,91.50928097075682,0.1402512640058297,0.0016958339140973491,0.035000000000000496
22.43803599499311,0.8551393813610074,91.35980170901638,0.28494911033080794,0.018570698568475676,0.1125000000000016
6.427167284073883,0.5852762482215907,91.65191313766553,0.7140178924374229,0.3834080858592819,0.36000000000000515
24.66384243646643,0.6301511935795342,91.46062832611561,0.2970031828180471,0.002590607913279765,0.03750000000000053
4.940524091438537,0.5379435202888286,91.75325576003485,0.7572501070809751,0.688336784936093,0.4150000000000059
15.868256042383784,0.5757888875510816,91.59299843200478,0.3303783517455367,0.024622198460322424,0.1125000000000016
3.1454837378510465,0.5482264719606832,91.88630472975615,0.7649276183683822,0.684226510531994,0.4150000000000059
13.94042527902653,0.4770084968402255,91.67179947737576,0.38929628254951315,0.013141826339278441,0.08000000000000114
2.6106739397293994,0.5566097275340283,91.96551068060026,0.7682044837274576,0.6587708759842126,0.41250000000000586
60.16606030974718,0.690163963389753,92.18318373331317,0.06957454123408781,0.0030017773710691157,0.035000000000000496
22.019571636613815,0.9775063278917366,92.47953672018669,0.19106482195787708,0.02236675596505962,0.09000000000000129
26.688332711906014,0.7584912415873364,92.36816349990048,0.1992043119392349,0.017077121394717374,0.09000000000000129
8.810395549535794,0.5370970592953759,92.66547816673899,0.6349547259813623,0.033554717844106595,0.13000000000000186
33.14619708261495,0.7651463336046662,92.42266301224271,0.25209166482691403,0.027580759914698907,0.1125000000000016
10.365341254623196,0.6025194584435705,92.72026163528538,0.628334343918594,0.04684171585933009,0.16000000000000228
49.88252342495087,0.9463468056364797,92.49533244915946,0.11807398025253012,0.0035307330967983106,0.05250000000000075
23.635954795301128,0.8243735771385212,92.79331014038344,0.11625653362356347,0.005940683589663091,0.05250000000000075
79.48795217370437,0.758708419029365,92.5039427843204,0.08300137459501715,0.0022617929416311046,0.035000000000000496
24.233298771690208,0.7828334679494677,92.80196542347743,0.0954253345899462,0.003021858842251593,0.04000000000000057
23.098644299195698,0.5088035394416555,93.14197008518363,0.05790502798883094,0.001563757758555021,0.027500000000000392
13.473179035556113,0.5890330774402756,93.44334331458221,0.4827936446142226,0.019597865201738215,0.10250000000000146
25.37636357440552,0.7454509977705939,93.28306859556841,0.13001625407962564,0.005450265000310659,0.055000000000000784
14.077189930397267,0.5723359430444708,93.5851881655811,0.4236915627847889,0.009026039141364276,0.06750000000000096
27.276977666289792,0.7416280448461531,93.31365144981064,0.14248557559714853,0.004651057231004636,0.05250000000000075
14.080625306566034,0.5891396529588068,93.61593304653972,0.42567411291075685,0.008645462717474548,0.06750000000000096
37.88038604358174,0.6828477404837909,93.36819604079292,0.1665702876985896,0.0025852258114766494,0.04000000000000057
17.564832843714655,0.6020223139021896,93.6707668419488,0.3878928259900943,0.0035488833215668544,0.04250000000000061
35.78204648170362,0.6203909556402496,93.4409269248141,0.19519294567979548,0.002384174506464794,0.03750000000000053
11.720199949292631,0.778422728327506,93.74388381534531,0.383189786198524,0.024270988270707478,0.1275000000000018
33.42596606297773,0.6761376435491048,93.6926845721333,0.3816700083530389,0.0024879874577376075,0.03750000000000053
33.473025789517976,0.41532818472528465,93.99698197184239,0.09885077184974864,0.0020290488847797545,0.032500000000000466
36.77200373045804,0.8558992035460209,93.90812697367984,0.08164976132694853,0.0034873539672480385,0.04000000000000057
15.747270272255461,0.9281555701886617,94.21357655663905,0.1301036088249592,0.0038279137794046767,0.055000000000000784
64.97119858405168,0.7393568384875027,93.9263201059333,0.05693354288331118,0.0015804051519561011,0.027500000000000392
41.629146763766244,0.6226971271498261,94.23186719955396,0.05868125256462273,0.0014764099866181437,0.027500000000000392
21.82013918646893,0.7920289206548033,94.00527823556266,0.48571484224665534,0.10040592078239852,0.2175000000000031
21.981475850424783,0.8619262178650623,94.31124891281418,0.08844581236029662,0.0005487027737788327,0.022500000000000322
6.295749303196892,0.4725160194324053,94.54707006020469,0.6250604767962527,0.42130041458806267,0.3450000000000049
11.150318273793726,0.3820863724010905,94.85596439849722,0.3788812509527067,0.003458329429259033,0.04000000000000057
30.770633933830947,0.9379094811891849,94.74828061378233,0.09214773949385395,0.0005,0.025000000000000355
24.909266543816017,0.4865855188856105,95.05826843287151,0.09706342231153549,0.0027145906198302377,0.03750000000000053
15.403796937777312,0.9253975120441631,95.00765139724643,0.22732771968008905,0.0008616128104442756,0.03000000000000043
21.666215831801736,0.8712614964564935,95.31905499183578,0.1779001019240923,0.020118161088169544,0.08500000000000121
7.796748083762711,0.35261426061276696,95.47919770280002,0.5756420294025868,0.044595019509380725,0.14500000000000207
2.7724764520980676,0.5297345015705864,95.79319339225825,0.5755534182388277,0.1938920909637895,0.2750000000000039
25.861583209604262,0.9229204199060378,96.15659082135538,0.10292243438425276,0.0005599749912057503,0.025000000000000355
22.343813877995913,0.7474664499897025,96.47435187287641,0.1348830508711337,0.0014951137258405942,0.032500000000000466
30.060674929645465,0.9443282820223632,96.21136141391136,0.1415967212811724,0.0022076929975961323,0.05250000000000075
13.445228629476459,0.8992957263253203,96.52942909575727,0.1818396481217034,0.012819451563192202,0.08250000000000117
54.74553159504792,0.7292093392061004,96.28439774450395,0.12232841788159322,0.006990034634534148,0.05750000000000082
21.69043007364154,0.6880041667806063,96.60287482950726,0.062363554075807744,0.003003636483571807,0.032500000000000466
46.52274485628446,0.8735991734096086,96.88934222082929,0.07712831112004935,0.003926346986292931,0.03750000000000053
15.814694871242155,0.9842707802519012,97.21123305495476,0.19767993463922406,0.0029333478757292792,0.08000000000000114
41.419425812620716,0.8441537174056429,97.24400581113817,0.09566422914739643,0.002987653386307405,0.04250000000000061
28.64684191815048,0.7724832003093121,97.56791716289464,0.10100051509818844,0.004905044904650693,0.047500000000000674
12.695624666485545,0.5636706072413833,97.53925086166726,0.5282439156264721,0.1292444838828367,0.23500000000000335
8.89985871508134,0.8711401833424272,97.86485517635732,0.11492815125439042,0.004345849505647235,0.05000000000000071
3.0675175488487145,0.2243805694237864,97.74119508918652,0.837547041796078,4.711171485436227,0.6125000000000087
8.53779459317995,0.7356885021200412,98.06796316395938,0.21304321155607328,0.023912513628874844,0.10000000000000142
4.657442524344774,0.9705049659733829,98.31088198110956,0.1724246051448131,0.017889518686952193,0.08000000000000114
2.196666246276748,0.964746665385291,98.64095874279803,0.17509957623329786,0.011030751799580435,0.08000000000000114
10.690600367371337,0.7354428696611145,98.48278994587264,0.23590151892276703,0.002828831642245862,0.04250000000000061
14.026697931837258,0.8170988664108336,98.81387267765321,0.1003208871191755,0.0005,0.020000000000000285
18.72694019442232,0.9611606517820933,98.78235719412748,0.17512480419771967,0.0038035182615354423,0.07000000000000099
9.49922034694345,0.7373015264349879,99.11520140234653,0.14798649506990888,0.0005254783975429538,0.017500000000000248
13.894144391101248,0.8029025523758772,99.24707860389285,0.18654324866211275,0.003042730691811173,0.047500000000000674
0.43916282147674957,0.9962695932536465,99.58267696444163,0.29798901733956784,0.04697376275195705,0.13750000000000195
41.871758165165275,0.8799474245504014,99.76382779230677,0.10321047540646314,0.0027913451766731737,0.045000000000000644
23.516011798518647,0.8918906448706716,100.10251993938064,0.12954508836725226,0.0011820084824095327,0.035000000000000496
20.19224141606791,0.5189403556788835,100.34693435314884,0.6509957770274919,0.276323342695743,0.32000000000000456
9.554933055599971,0.7756200959838936,100.6891579482104,0.10205109264820451,0.0005,0.020000000000000285
17.33566726563503,0.8564182488300122,100.40759872750151,0.18839752119115372,0.0013744740928185897,0.032500000000000466
16.010801560943392,0.7364774254395915,100.7501922181663,0.09151921280937172,0.0009788942607233512,0.025000000000000355
23.71222922230529,0.8279567868655598,100.67385663955665,0.1412777768812787,0.0006325848581073215,0.022500000000000322
11.464873963472641,0.6478386452907333,101.01807924361222,0.13863291829011848,0.0005,0.017500000000000248
35.79552603814141,0.7846658567185788,100.7443535189783,0.09784765561916031,0.0014517243651372596,0.032500000000000466
15.568490817451448,0.6126770575673547,101.08900900533607,0.05604052982609825,0.001377073585167838,0.025000000000000355
11.404124895454938,0.7143554083091165,100.93254448801542,0.40984092000924255,0.010143627862857147,0.07750000000000111
3.9751404419052756,0.7381267423580243,101.27835873754982,0.6464028070064156,0.2755973097305597,0.31000000000000444
11.470988220790714,0.7743417332439377,100.98800807576986,0.42208408822290033,0.017784245137652126,0.11000000000000157
4.544058055299398,0.7427712405164614,101.33416472388298,0.6433146070301256,0.2529871450987332,0.3050000000000043
11.564409965227512,0.7706924997599673,100.98172643833759,0.4211625322022094,0.01706561673639766,0.10750000000000152
4.545556215063292,0.7429067342839942,101.32784428705888,0.642871895551384,0.2538078271846641,0.3050000000000043
13.138092100514346,0.8321480339305716,101.0619757552385,0.4575197464535889,0.023496263536114073,0.1325000000000019
6.2081524171282005,0.845434160015087,101.40858966685501,0.40949832579183965,0.019150501196215974,0.12250000000000175
11.573587348388317,0.8544120184712461,101.14868036461267,0.495260565926274,0.05709478273321451,0.19500000000000278
15.089869264937374,0.6597780239819725,101.49583120069937,0.07364427079758408,0.004381184915488172,0.03750000000000053
6.102381349991134,0.9778586862938431,101.4272695545126,0.1675206979273404,0.0005,0.035000000000000496
6.920367085480711,0.8913985567166647,101.77615234881686,0.3129005510939181,0.05296479157859499,0.14500000000000207
21.769122781039833,0.8046578409902346,101.48282812551031,0.09337746925531046,0.0033861913729592236,0.04250000000000061
18.462039844434162,0.8984092780902191,101.83205756406647,0.08735255013714789,0.0024050490182387046,0.04000000000000057
21.840581395561948,0.9069207532198825,101.83103860367473,0.09744171558687428,0.006540813589233793,0.047500000000000674
10.81493885155624,0.43204927152251804,102.18245011404139,0.5459917480391318,0.003502859793377249,0.04000000000000057
5.497092277252659,0.9999999991902584,102.43926916447748,0.5500513565169607,0.0005,0.2525000000000036
23.22542665025354,0.5992307691681149,102.79453199590878,0.3535161794014999,0.07191701341634804,0.1675000000000024
52.529353005092815,0.7828244559717072,102.56262971819315,0.09488620465161149,0.006003004770175829,0.047500000000000674
54.27880754969433,0.9112572288998945,102.91867993729122,0.2139810795513428,0.002049258353180765,0.047500000000000674
2.902335564425281,0.9961279851437468,103.71326407817865,0.3657804348697509,0.02564731180153467,0.1675000000000024
2.789952884971747,0.5778376465962735,104.07676298644557,0.6987150686578657,0.7558352945767541,0.38250000000000545
9.00422029949922,0.6556285199445291,103.86277751227762,0.10423757716552776,0.0057825202547547964,0.05000000000000071
10.969333737104817,0.8817780578629448,104.22725841541845,0.12577951721059905,0.008059596982479635,0.06000000000000086
14.826765895405748,0.545127699409703,103.87168783586642,0.07731284613923484,0.0033287759275758993,0.03750000000000053
32.8443883145371,0.7113807379658699,104.23622736575484,0.0679016473501391,0.003684948413017413,0.035000000000000496
10.054933984178454,0.3386918192894438,103.97302533933829,0.39250488253622484,0.0028137188605946947,0.035000000000000496
4.916963555740575,0.6183759639360206,104.33823246221779,0.6943129112199148,0.31407083930824803,0.3375000000000048
4.232030179374743,0.9645196735021331,104.00310571167505,0.47814775083740046,0.0048159753312252895,0.09000000000000129
4.527129907968127,0.612645762258246,104.36851129223622,0.6923860400952105,0.16500797451730528,0.282500000000004
7.116288692154209,0.91008296386946,104.12962556792382,0.4859114216077786,0.17599952457614937,0.23000000000000329
7.046539724670835,0.41790073682807954,104.49586735051157,0.6773440131333996,0.04008234502663736,0.13750000000000195
17.82065814059007,0.8854081591434764,104.22322931435005,0.1616000299386563,0.011255526600123456,0.07500000000000107
12.962173016172693,0.39514047492760523,104.59009128930114,0.6571426321976673,0.06799679521589198,0.18000000000000257
59.02589078838413,0.7968599009092204,104.6873549844055,0.14608848714999986,0.005680915079881175,0.06000000000000086
13.944415683560356,0.46534165107667463,105.05731167225545,0.5848148124147847,0.05036857079699456,0.15750000000000225
45.23725470910367,0.6067264240073696,104.83751680243402,0.2975349713701339,0.03470914370920546,0.1275000000000018
22.682844833001784,0.4630991816710801,105.20848177702263,0.33901557051723363,0.015234452943064684,0.08750000000000124
30.072421093839402,0.6300979306334052,105.2515098254359,0.3735550969810831,0.008136413214049265,0.06750000000000096
8.963503355102038,0.7352639452643739,105.62527268514769,0.5662370666818431,0.17541824141253518,0.2650000000000038
26.84984433407253,0.7350609037655763,105.27130487265977,0.42116116068119475,0.006372589709137777,0.06250000000000089
16.816135908497607,0.6122007624696124,105.64520218237486,0.2106520447858524,0.005787161763903768,0.05750000000000082
17.97967142133084,0.6566154578543549,105.35797429559784,0.5882617945580139,0.2269094177511619,0.2850000000000041
29.510509030162396,0.580853292101226,105.73246099738898,0.12185867879675116,0.010969868141445833,0.06250000000000089
13.07882271097656,0.7077766705550153,105.58004099797068,0.5860429077972074,0.22252836115470084,0.282500000000004
8.471762576514196,0.6687116764379187,105.95604326286774,0.48953680007917727,0.05898144360528754,0.17750000000000252
15.675397097131736,0.6839303373311745,105.75517248610495,0.589125259523745,0.19139659298854958,0.2750000000000039
12.153531413877001,0.674593026478688,106.13237551311633,0.40277300344841227,0.04480048763654777,0.15500000000000222
14.45542987192489,0.5899510082917293,105.96324395921084,0.632216308955486,0.3335747129867846,0.3250000000000046
18.440004467774838,0.7918462524043538,106.34187998019165,0.18798506503571347,0.02039747828024348,0.09000000000000129
12.89886818031507,0.5453082475999371,106.19830226592411,0.6340944506550391,0.2674940509161705,0.31250000000000444
13.523646816335907,0.6568470424427705,106.5785655517266,0.30590188695184006,0.00483747208514778,0.05250000000000075
15.333670352723967,0.5305432520064884,106.29334488316489,0.6337957539917868,0.2556733683472923,0.31000000000000444
12.434854751467746,0.8200458954194081,106.67426868400835,0.3737408644359058,0.11164952665983709,0.18000000000000257
66.70842399782617,0.7264044523354983,106.44120865873818,0.14094554512498822,0.005692054742262574,0.05750000000000082
42.32733694642393,0.8291251860960479,106.82316300633995,0.11620173535748171,0.007682912996565757,0.055000000000000784
13.153083998403282,0.9762338301154866,107.03026613290551,0.2033723583682067,0.029473532030015594,0.09500000000000135
8.607456635487635,0.9745291209830974,107.41636193140269,0.13336525329596088,0.0005,0.032500000000000466
4.487192005654445,0.7998485061688918,107.63719984217377,0.09634948936023381,0.0026620725110690175,0.04000000000000057
2.944081691928845,0.495890253892021,108.02762408096365,0.08811234420841824,0.0016156751333265334,0.03000000000000043
3.4447431161871576,0.963731469051636,107.75955027042828,0.1884439888753073,0.0006450284655398514,0.032500000000000466
4.042771567876881,0.9407645042588786,108.15085474782076,0.1533433893275976,0.0005,0.025000000000000355
6.837761103044375,0.8716040923632713,107.78963167071669,0.07697091211554097,0.0005,0.022500000000000322
7.84433629619612,0.7457982054306779,108.18115296473563,0.12064271249225904,0.0005,0.017500000000000248
16.991971406231503,0.5879179932562599,107.8167360622993,0.05120878303859441,0.0014842714235033402,0.025000000000000355
7.719035947834452,0.8732705435496582,108.20845285082845,0.12115036159104077,0.002695725115311718,0.045000000000000644
14.180146039519308,0.6204971930087454,107.89301234120461,0.23332277021215472,0.0005982059702359052,0.017500000000000248
15.935635849947971,0.5792489144858216,108.28527997283742,0.1383082609750194,0.0008979821276446682,0.022500000000000322
22.736099811473554,0.7480912070932162,108.23011420448789,0.09024144252390533,0.0015044397737185218,0.032500000000000466
23.884642955264063,0.6264659551866304,108.62482853069186,0.24722007058974788,0.0070716940524229565,0.06250000000000089
25.77963538975765,0.7127500859184149,108.38363206876392,0.21299773675679154,0.004808976661119265,0.055000000000000784
17.84142050891746,0.759595388143777,108.77946730789506,0.17584840490310563,0.007169998538292105,0.06500000000000093
25.28985830703067,0.6888062748103353,108.40275987066865,0.26070868584301893,0.004474500414288894,0.05250000000000075
15.228457064941647,0.8113987227065323,108.79873506657957,0.20097838432785045,0.010308278285734858,0.08000000000000114
33.512894696271665,0.9763720601195041,109.17210818154082,0.1903440790179112,0.019211028158193706,0.08750000000000124
21.378057065088885,0.9824972822322527,109.57376754900244,0.1730259884653384,0.0031250267222309356,0.07250000000000104
10.139749159867959,0.2816454659500399,109.48444495738549,0.6355625202627696,0.610851286291568,0.4075000000000058
5.347770116010745,0.9330860828077722,109.88844303070262,0.22735478723537067,0.0005,0.022500000000000322
9.860910577279741,0.9945152509930825,109.99802495255939,0.22697411569385464,0.0049871058612355095,0.10000000000000142
24.79120284589804,0.9636537544506985,110.40590851801181,0.1555722350057066,0.014739865267656306,0.07250000000000104
11.082191435379857,0.24989683285459732,110.31956800894682,0.6796407102172,0.9291219595835022,0.46750000000000663
22.467552578049503,0.9373487083256881,110.72990991213982,0.16872534368918354,0.01830059817204022,0.08000000000000114
8.404660469771896,0.25085853031713357,110.54132452235028,0.6980591619475999,1.1503727821114502,0.490000000000007
2.0667638739575205,0.7673128983099463,110.95337356356602,0.13701690414463563,0.003439072577266384,0.047500000000000674
4.314109256379991,0.9999999991484275,111.06716142759478,0.4899814826563332,0.0005,0.2250000000000032
8.513556342682522,0.9989523889163557,111.48329731991943,0.2701602507920263,0.03657938597994804,0.12500000000000178
46.18665419789578,0.8365422285424167,111.20897833756997,0.09982043502970853,0.006375066639563772,0.047500000000000674
35.46656937680695,0.902002868041434,111.6262259191386,0.1208628537520373,0.0007765482100633495,0.027500000000000392
43.54772187861708,0.657304680594406,111.575240243199,0.3051080062964206,0.05169987513067913,0.14500000000000207
10.37195421400391,0.8459631390897709,111.99537782929461,0.09019785978132747,0.0022864578412336366,0.03750000000000053
23.67043040469682,0.9614244713034485,112.21610933101213,0.14947873678184495,0.015417773728631536,0.07000000000000099
4.484417293083352,0.9985031927204386,112.64137045974022,0.23384140974072795,0.015135137639434889,0.10750000000000152
15.74124039013614,0.5965016260997302,112.23625095971502,0.539197709282769,0.2035993007627749,0.2675000000000038
8.18808745531624,0.9404885547075964,112.6616745124057,0.1043210412843647,0.0020142269249106668,0.04250000000000061
19.93875364673888,0.6325041916700166,112.66831082160441,0.5311452870935435,0.10158282405112935,0.22000000000000314
10.234687961635732,0.7552457378358883,113.09723940430253,0.43599366818070734,0.07265256588367734,0.1900000000000027
21.069048226870883,0.595898901214794,112.82576232555736,0.5920977946818442,0.30149449763884134,0.3050000000000043
15.32218371421488,0.7008158946474822,113.25597821540693,0.13581194339604555,0.000905749102037754,0.025000000000000355
27.855456797224,0.5626542515885675,112.94191522958344,0.43591641905717166,0.03572570714909715,0.13750000000000195
9.29190635530086,0.8470045354870805,113.3730842350991,0.38750770446406624,0.008662035192755118,0.08250000000000117
28.701302785282245,0.7993693361264569,113.19529580490416,0.1509212461079142,0.00372493363250298,0.05000000000000071
22.022387374392032,0.6578366557341856,113.62855425634773,0.18365664388908262,0.002629144374353228,0.04000000000000057
33.10310205047655,0.6795268780227016,113.28101938725256,0.23132140801657422,0.004557358170599663,0.05250000000000075
31.342851240994,0.8037083584733204,113.71498795328137,0.12016050134965094,0.008498827545218713,0.05750000000000082
19.930225825867367,0.7522771723343102,113.58668960685675,0.4558639292906304,0.05597250427435218,0.17750000000000252
7.8469193387439,0.8743175686364115,114.02320363606766,0.15827639160109117,0.000689758818941639,0.025000000000000355
41.42580268468913,0.9521605038412344,114.2559749807906,0.1601027014317471,0.015098218448992326,0.07500000000000107
8.097395588770356,0.8447964600461427,114.69813655176061,0.20356137839682098,0.0011799182086355046,0.03000000000000043
19.927880237813454,0.9292674543790311,114.78943143652334,0.180460132910779,0.0015480721288891493,0.04250000000000061
10.565872146262059,0.9047263726589991,115.23616897359622,0.1949291814428002,0.0005,0.020000000000000285
8.015152404585834,0.2683635005135496,114.88998123276,0.6277835694883528,5.782922113202149,0.4000000000000057
9.27896718289936,0.8743065330479579,115.33758884313306,0.10455818864759073,0.0045853185722794275,0.047500000000000674
16.085441588393977,0.3577253374718809,115.13922090138453,0.5830927506786219,0.5752236967852304,0.36250000000000515
7.480905187704506,0.4129102192050027,115.58899570756256,0.6449938015455012,0.581483141996169,0.3800000000000054
36.44623406996481,0.7425097641641641,115.31188058829841,0.33344235601743166,0.06251991143459033,0.15750000000000225
22.260018480681122,0.6140266484987006,115.7631655437308,0.10104295779589852,0.00482745853988518,0.047500000000000674
27.76349326531959,0.6242396860300929,115.64954987129195,0.4097903615496024,0.004091244343691252,0.045000000000000644
21.67172190109716,0.9079297716232128,116.10380936517367,0.13117490162208925,0.011783462731496816,0.06250000000000089
12.874298604758907,0.3629793237375533,115.9583112044994,0.6929393219926815,1.2415512095475594,0.4425000000000063
15.737414647339154,0.717975863896469,116.41531540524149,0.29736235734392696,0.05757013336991723,0.14250000000000204
19.382707358192178,0.5033595164095762,116.4454153044323,0.5697439393217075,0.13315600859351182,0.24250000000000346
7.678499179845103,0.6445548546502573,116.90679866370631,0.5719769024775376,0.24208991881864664,0.2850000000000041
45.45743692176331,0.7938542797171931,116.50624707893286,0.15235471836124279,0.003048174703077739,0.047500000000000674
13.385383108627039,0.7298506284165136,116.96818160658653,0.16318015400819977,0.0014043881117767139,0.03000000000000043
18.63838020129856,0.7730898608829017,116.95918907207047,0.4630674411768468,0.03349079014732207,0.1475000000000021
7.7527858400103025,0.7442516174213992,117.4252578582826,0.5624993815321196,0.16921866966707277,0.26250000000000373
21.063426003762494,0.6545156713637876,117.02029628392086,0.4846950806789363,0.005850399415972221,0.055000000000000784
7.942721506284614,0.7451390209431066,117.48692696711626,0.5532916776000203,0.12749386275838517,0.2450000000000035
19.610412154469856,0.6838146687160395,117.10182431639143,0.5893185750673663,0.2881171893775329,0.2950000000000042
15.152350061370306,0.8459804322863892,117.56920621774019,0.1278328388416175,0.0013664845687924047,0.035000000000000496
12.450681914448921,0.6289197503870962,117.38444488039173,0.6216159690802638,0.6718030777345709,0.33250000000000474
8.17386380866628,0.7163192384302252,117.85444469348148,0.5050075396219339,0.06011970660315998,0.18500000000000263
33.18182241178249,0.8505988782542931,117.55667678870266,0.1351047769486044,0.010382702361499728,0.06500000000000093
22.0262664352571,0.572678905534081,118.02828256664218,0.36029166710401217,0.006101476029461549,0.05750000000000082
28.66215514945124,0.8078693919401317,117.66284771044003,0.2511307021199433,0.0033269922228121225,0.05000000000000071
16.868452619466243,0.8105424092229035,118.13544750162565,0.31578668552755246,0.0016464581860412824,0.032500000000000466
27.99477704980859,0.8268639519719455,117.66666618517046,0.252773064530295,0.004042856660912763,0.055000000000000784
15.286284460188973,0.8982219322971978,118.13930178391647,0.3185411570277478,0.0017891018730944994,0.03750000000000053
23.876127988449383,0.6977811045208993,118.26430643627887,0.4334269409156323,0.04231330651622358,0.15500000000000222
6.8929043857689845,0.9211451007453534,118.74259618797544,0.29299514644033764,0.0005875081558644929,0.022500000000000322
28.494229462102112,0.5994165686914573,118.31140389667483,0.46738413676474605,0.011930842824276772,0.08000000000000114
9.169464990248386,0.9689811350141311,118.79014348108626,0.26356531540848827,0.000818351106180022,0.03750000000000053
27.49632845281083,0.6204480887042434,118.30547459920649,0.46814983117827513,0.0155478952416956,0.09250000000000132
9.109804789785398,0.9636603318902462,118.78415751773116,0.2664779808815297,0.0006337012754088628,0.03000000000000043
28.677286687169456,0.9747949714358789,118.87122297351652,0.1871351518340264,0.0006583367706979841,0.03750000000000053
22.879763490722553,0.9920909114474289,119.355357999915,0.22455193545251825,0.010638655379522204,0.10250000000000146
13.321097816779504,0.32408643763438516,119.14158903781662,0.5210295517978126,2.0785815964292502,0.3300000000000047
19.78694282570232,0.9904759929352176,119.62836235565585,0.21397902828307508,0.016922051759578647,0.10000000000000142
26.920019447186174,0.9878935210118273,120.05066567302842,0.2292912117176545,0.0015522762493897814,0.07250000000000104
3.924506088004638,0.9896085445700669,120.54647007429536,0.22881859758410195,0.0032552789673926056,0.09250000000000132
21.346465230786833,0.3046473115290398,120.21856227127009,0.5095952073836052,2.8317826020919314,0.32000000000000456
17.489193996131423,0.5513799825450676,120.71606224244664,0.2974774488493388,0.003836104779705943,0.045000000000000644
19.882502708167422,0.29206059970385767,120.34576261510247,0.5172294529759415,3.3872017413645876,0.3250000000000046
13.850683951688564,0.7797374439781621,120.84455302286247,0.3170198924475791,0.0038286718071393645,0.05000000000000071
27.35433762839779,0.9455144266260229,120.66065723702593,0.36377634365881983,0.06541959919486708,0.1675000000000024
11.758677906846945,0.6458676912129532,121.162664163132,0.5655929169190494,0.10545178958820436,0.22750000000000323
30.228984384088513,0.8728159236917824,120.70454295474036,0.3180031826695799,0.006748961355219264,0.07750000000000111
13.333778377077234,0.6504966770582231,121.20700065756857,0.5653528525341464,0.12250390982411936,0.24000000000000343
60.25757841305628,0.6474298633804919,120.98719155964952,0.2434711199172047,0.022159005442267128,0.10250000000000146
13.75416210575002,0.6757864940305037,121.49256734820533,0.558913872762103,0.24042589616367172,0.27750000000000397
57.319929439352656,0.6600034035989465,121.24833985488341,0.37208915934987846,0.02469675714530199,0.11750000000000167
25.610678625830467,0.8265865562285246,121.75643481295563,0.26627238164993455,0.03186397880800969,0.12000000000000172
28.110358632534464,0.7689651959147306,121.47714845813249,0.491165240611536,0.12892837788200806,0.22750000000000323
24.93464074993229,0.5626852454265016,121.98764429956569,0.4138909152667925,0.02042840739176695,0.1050000000000015
41.187441986200014,0.7173948289495273,121.74797046135286,0.48176453956039583,0.04564493851058715,0.16500000000000234
36.65207241501127,0.6829245101750991,122.26133059465792,0.3582126652269451,0.008935622066087006,0.07250000000000104
69.56864279685287,0.6885886366687627,121.78674730641495,0.23715353525478827,0.007016459455910146,0.06500000000000093
41.66063947896065,0.681241324632581,122.30051957571447,0.3511525309881633,0.008974058010094231,0.07250000000000104
32.34433660415867,0.6138087301869912,122.01852792415934,0.5301303429128418,0.046107735146213503,0.15750000000000225
39.453085649813474,0.6172094235123775,122.53477430882347,0.3741665232604795,0.161911946745981,0.1975000000000028
36.07394799566498,0.6421407809812131,122.11546952525978,0.5260760532566978,0.09677442147007756,0.2175000000000031
66.84095436267046,0.6112249607555089,122.63275615270025,0.28147602867897276,0.08524795148720492,0.15000000000000213
23.58613889432943,0.9943144201379244,123.23735758467488,0.2154599634189046,0.0005,0.05750000000000082
7.091506598391629,0.9610361531369782,123.7669227904386,0.36729362373254487,0.07776071963126503,0.17000000000000243
15.650977491173107,0.9542249079295584,123.68738873279123,0.4799008305567251,0.2402704529670268,0.2250000000000032
7.989069362590437,0.9933430885339661,124.22200729290248,0.29171904028250306,0.0014452640050640112,0.09000000000000129
20.07253892673307,0.9132596253608551,123.72480876411537,0.45722006313249647,0.18815249612131416,0.2175000000000031
8.316304841613253,0.9960349511966559,124.2598509062463,0.30808582283198394,0.0005,0.06500000000000093
33.078169076484116,0.8691315168959574,123.79658473076837,0.2893015575801766,0.04660922558524854,0.13500000000000192
16.74380960646276,0.3131738848670654,124.33244082664925,0.6127922516409839,2.528767236840631,0.3975000000000057
90.15701159078304,0.7955833649329784,123.82585165565213,0.13428339422746755,0.012531455999415648,0.06500000000000093
19.98743486048666,0.47845880106593003,124.36204020193682,0.5775690924844747,0.8422455296020782,0.3375000000000048
43.485751782194114,0.6637815563864436,124.20386150912242,0.35742172416936235,0.07166878918397782,0.1675000000000024
18.62048888779987,0.9923048029788102,124.74437325256535,0.140942325419255,0.0065172106494815005,0.06500000000000093
41.3831753766943,0.8306618954758622,124.40161166466967,0.3974682575560758,0.02590075673244923,0.13750000000000195
18.567560517560352,0.9409785565738964,124.94440692514515,0.12234970806677445,0.009431948665831674,0.05750000000000082
46.185387122083924,0.8078899033417751,124.4120966820929,0.39972533430118107,0.0170401261826614,0.11000000000000157
18.753874541456053,0.9579917905004233,124.95501344269503,0.1258945347261228,0.008216883111088173,0.06000000000000086
67.24799631643077,0.5228279974512503,124.46763220530559,0.3943050398981087,0.008018084496039064,0.06250000000000089
16.667615436370287,0.8083558290469588,125.01119322660617,0.1175145494834769,0.0010127163409951931,0.027500000000000392
37.08775034890509,0.6496858627873769,124.8264971712376,0.44163849649747006,0.17960407138337883,0.2250000000000032
14.029001190727737,0.3139745348888116,125.37425062793821,0.6187760592410886,1.5047340944388101,0.41250000000000586
46.01805193408127,0.4665291848563099,125.35357634836771,0.5059345675123398,0.025502150878638948,0.1125000000000016
20.119967686611282,0.9848757982123659,125.90758099189422,0.17461036152761844,0.014245004284320703,0.08250000000000117
45.23221096099695,0.39999222230932674,125.55411544501155,0.5187323879288372,0.047947821055659326,0.15000000000000213
17.859371741559745,0.9805385132678405,126.11052833765198,0.1872761133712863,0.0005,0.035000000000000496
49.793173435687045,0.4015395625126823,125.59000052774736,0.5027129630801395,0.05219276046413606,0.15750000000000225
18.82282673207013,0.9837114943040633,126.14684612020342,0.19505286129237578,0.026475160391925077,0.09000000000000129
52.193666248243964,0.41388871946973116,125.62107326259266,0.49992255338076536,0.06924949078260215,0.18000000000000257
24.832974542685044,0.9642993559459369,126.17829396177501,0.17105592928695573,0.021210441935685196,0.08000000000000114
49.98839885921022,0.9782723743759412,126.55270085270263,0.2689844286969376,0.021350002703753614,0.12250000000000175
39.893282313854385,0.9558776247361791,127.121358680572,0.11455202184924883,0.005316216210642028,0.05250000000000075
49.49408768892543,0.8300267953423452,126.57529897458139,0.17632260231366936,0.0014841468834432168,0.035000000000000496
33.24682365872134,0.34569092907871357,127.14423889834222,0.5560056532285246,0.6676521200706655,0.3575000000000051
106.37940503626987,0.7467535984771825,126.69483863007683,0.1527946643018708,0.005665224217808073,0.05750000000000082
54.79090425898226,0.6880381047690621,127.2652745419731,0.44006491797243574,0.004290665134025126,0.047500000000000674
81.24675425996672,0.9926822847695913,127.51664011798842,0.29863641095905297,0.06938220963412504,0.13750000000000195
3.759572451894402,0.9906090639438031,128.0975347620689,0.41707172883786137,0.0005,0.03750000000000053
52.74183853983905,0.3918035977894054,127.60276681819016,0.37067941020353257,0.5374265617139986,0.23000000000000329
4.294878077733343,0.624849043156184,128.18477552891227,0.4653237070219373,0.0008512715499418594,0.020000000000000285
55.99266847453891,0.40708503520314276,127.65884147568052,0.30974880946708305,0.579683315867674,0.18500000000000263
3.986048147317604,0.41736497681121715,128.2415773905373,0.10684075915395143,0.0005071097327246168,0.017500000000000248
27.374406723372005,0.9999997655445151,128.54258184783228,0.43394228015501296,0.0005,0.20000000000000284
17.7222063863717,0.9999878901902218,129.1369769894558,0.4556282619533084,0.0005,0.210000000000003
61.54303151481109,0.3758668122696839,128.70584300196248,0.27547212951464195,0.5014532255113079,0.17000000000000243
31.46985692327201,0.48164082839780104,129.30243380008648,0.5482732022976466,0.27668676638489914,0.2950000000000042
64.79233883672863,0.409447502354866,128.90748782501987,0.26716659572659734,0.6311984497633747,0.15500000000000222
24.064319182830822,0.6625046461591007,129.50680891323788,0.4917249149590205,0.020055815751585163,0.10750000000000152
61.04222175973251,0.3810139898899586,128.94309236325174,0.34249718869273676,0.7215821174268541,0.210000000000003
38.79019701653215,0.4314256584036542,129.54289767219464,0.4619053874269182,0.015281171498121466,0.08500000000000121
45.57527469963803,0.3276697002768753,129.11772486736518,0.5503306814237623,1.1032050970545024,0.36250000000000515
15.806995418538984,0.8323880355105442,129.71991451662268,0.45746632467542503,0.3722380308965134,0.2250000000000032
41.40761004584489,0.3166780024173,129.18794328481158,0.5856442613463385,1.2998258805274807,0.39000000000000556
7.570187181290184,0.9629331841521258,129.7910960595887,0.1152716520532846,0.00436038160374985,0.05250000000000075
47.28484980981647,0.6307796846560456,129.39412271719917,0.5259073852946773,0.32040248478583244,0.27750000000000397
3.428086454414834,0.9999435026689248,130.00011819619021,0.38796002953917313,0.008474682722017212,0.18000000000000257
47.41025072628611,0.7625181940636117,129.46461898864314,0.476955165580001,0.021317051799857063,0.11750000000000167
5.384053663884406,0.9779177049813509,130.07159151000232,0.3444646702222813,0.0005,0.027500000000000392
36.34088219709895,0.7582165922275691,129.57355906272878,0.48891522028254997,0.3673418906562726,0.24750000000000352
26.29214941579312,0.5584317713837444,130.18204656245098,0.4416548730448531,0.00791502268628409,0.06250000000000089
36.13895281953549,0.7630171783360041,129.55872527059182,0.4932797277160538,0.34714756996918955,0.24750000000000352
20.854931146995614,0.6965690922134318,130.16700611656307,0.44714894436217273,0.016140082334501864,0.09750000000000139
35.54201728579432,0.28014087835528534,129.8729665680074,0.5601631308375677,2.6053196513145847,0.3725000000000053
50.843305202835424,0.9586673020532446,130.4856501537563,0.15904203306552922,0.023430232913994955,0.07500000000000107
31.87901554085931,0.2818249581679322,130.16789552550648,0.54187523630588,2.857630439696914,0.35250000000000503
12.848600971716369,0.9682017824327521,130.78475951083013,0.1399666874226693,0.007824196593409072,0.06500000000000093
32.0198487978511,0.28208062914505055,130.40158775135092,0.5041984741946339,3.085775796412681,0.3225000000000046
6.502213857519715,0.9290916068022463,131.02179790077332,0.22951139574686058,0.0005,0.022500000000000322
32.29231815146379,0.28384839053684785,130.47365247356655,0.499665150015841,3.095386531213714,0.3175000000000045
11.581677821572448,0.8791805652184856,131.0949005896983,0.09655715636926364,0.0006770226893873523,0.025000000000000355
30.485496749719374,0.28529960940173854,130.6648072203432,0.5016822197033691,3.0720362796106353,0.32000000000000456
22.754912063083598,0.9885918139699548,131.28882265002989,0.1800253437546693,0.0007154966054052977,0.05250000000000075
26.93223021917447,0.2497757427324965,131.21936941850655,0.45502049061812516,4.7604115517849985,0.282500000000004
21.504421390322275,0.9943272751545428,131.85153072664895,0.31751866524432515,0.000767056078398114,0.06750000000000096
33.41540652968769,0.2444489365954245,131.79794872999324,0.44237772497601563,4.9966897379062205,0.2750000000000039
68.9103108660959,0.9856384028244853,132.43880038679166,0.18644352261351047,0.022037690804966762,0.08750000000000124
40.14431464693553,0.23379074786253437,132.22473724818715,0.42671281297228675,2.291190843209366,0.29000000000000414
6.485512042435864,0.9365752458877921,132.87212901378928,0.12438574340600733,0.0005,0.025000000000000355
42.464472587531766,0.22661723593700195,132.26343229481827,0.43412422809117707,2.295189917588534,0.30000000000000426
6.78539627574444,0.9495993900826237,132.91142259009166,0.1320459890850816,0.0010332234938401203,0.04000000000000057
42.46792558377511,0.2260297841762618,132.26873594338838,0.4350165825449272,2.292592512043257,0.30000000000000426
6.821168931593384,0.9464719377529057,132.91680834762295,0.13000086692159227,0.001407731264506603,0.04250000000000061
44.0502207143015,0.1970525258496485,132.41661431187296,0.5209405193228279,2.2357030303788346,0.39250000000000557
14.320328907831,0.8820053969109772,133.06698321121678,0.09446564610431171,0.007453292405103625,0.045000000000000644
36.326590591406614,0.16321534530465726,132.7331834089191,0.6373460390528521,2.3975478819758376,0.5250000000000075
6.611003181945359,0.9999977690214991,133.38851507334863,0.47789736416349426,0.0005,0.22000000000000314
37.38157802561758,0.16086277938924606,132.8405149190697,0.6407179834639508,2.4374293587796125,0.5300000000000076
21.199112288107205,0.999961317934671,133.49754377991923,0.3379854848321388,0.07913392949978466,0.15750000000000225
56.57759139217937,0.9999267824429234,133.50601057739962,0.31468218754361504,0.06489791973472565,0.14500000000000207
44.304933583204416,0.9859687126196417,134.17373161814297,0.2720036053797822,0.0007108853873368484,0.045000000000000644
44.77240338922381,0.27084444288094023,133.53638764305006,0.3907705326202413,3.2350353517555286,0.24000000000000343
32.569758284782644,0.9957873154669209,134.2046038035966,0.2980180864723817,0.0005,0.06250000000000089
51.622172048917975,0.3741100873362255,133.98530384707394,0.3033387205973912,4.22133119114515,0.1625000000000023
8.504261306284235,0.8726482007634728,134.66091073469815,0.1885839683794931,0.0005,0.020000000000000285
51.38367145664115,0.2232614114242699,134.50404654059892,0.4623117867600098,5.577345307055577,0.2950000000000042
16.73498651436148,0.6502359496799741,135.18836978148573,0.45470546421176095,0.13731086972241638,0.22250000000000317
49.91914491211871,0.4273874236812485,134.87770975059067,0.4657389314175916,0.9323392231631893,0.28000000000000397
17.356293767941928,0.9091532716218065,135.56843213814741,0.12556828404989406,0.0010337664780821294,0.032500000000000466
71.1653612235874,0.7371489037591953,135.00592397320503,0.27546702765108005,0.036358039417245,0.12500000000000178
35.09573810063241,0.4448515096868399,135.69886589288825,0.44116567212438246,0.014172789287548964,0.08250000000000117
84.27404343747341,0.6142861953153413,135.07686071642524,0.25918694543759674,0.015191041811049284,0.09000000000000129
43.76995739891693,0.35039781410869203,135.77103592648817,0.4319903271525308,0.014643150213828924,0.08250000000000117
35.61522534608295,0.48200093424963536,135.27331597298001,0.47896646173058455,1.2352247144794195,0.2725000000000039
11.55049858875084,0.9004421495554645,135.97092658237955,0.11513634308304249,0.0013324852073338268,0.03750000000000053
35.51456504999764,0.4370297922180697,135.50592305232058,0.4881832563940123,1.5127240869922571,0.2850000000000041
4.01144928395527,0.9230149869876855,136.2076394400622,0.2778867501768573,0.0005,0.020000000000000285
35.53511898124987,0.43708628840203373,135.50265538316887,0.4882254626220629,1.511386020445599,0.2850000000000041
3.9235251818544605,0.9465216929640964,136.20431380320895,0.27600722200565686,0.0005,0.022500000000000322
37.215492191657766,0.6221829496085418,135.5836724407516,0.4547269290760014,0.081117310901403,0.19500000000000278
7.581187696336802,0.6382741368190422,136.28677053698405,0.14345388528446495,0.0013998585674701094,0.027500000000000392
38.97788658269458,0.34876378895845445,135.88145662670703,0.47092166761916676,1.720818737050997,0.29250000000000415
54.06070794094619,0.9994117001835973,136.58989065929578,0.2937651499306479,0.004921583108351099,0.13500000000000192
39.60482689309302,0.15540494152302087,136.51287161786956,0.4770120845299591,10.082251049704785,0.32000000000000456
14.986972054488467,0.9998796212043761,137.23285582085498,0.3144758683057794,0.026275861105847006,0.14500000000000207
49.88129036825187,0.16838485906827802,136.59205247436591,0.4464027803555199,9.927997447672464,0.2875000000000041
8.874198615145158,0.9949580997709082,137.31350826948523,0.3159608188222971,0.0005,0.055000000000000784
76.30014693215546,0.3623710248341377,136.7165137164653,0.30599702491228065,0.24659915971123222,0.19500000000000278
10.66524522060043,0.6571057725213376,137.44029329719993,0.12769452322246727,0.0012671402476485249,0.027500000000000392
52.78176708018025,0.21498772079225054,136.77225060536006,0.3081139063280006,10.039250948880994,0.17250000000000246
6.905799020330972,0.9618311529280474,137.49707508193407,0.15812109686398929,0.0020441312717009385,0.055000000000000784
52.81410909109044,0.22405282284571496,136.81139645541873,0.2814456520341003,10.253431612676627,0.15500000000000222
7.327039319361072,0.9679469975404356,137.5369563751725,0.15473076756244133,0.0014867335764759554,0.05250000000000075
53.288903859146664,0.23922403447692353,136.89174017485092,0.2553498230155397,10.150564920145014,0.13750000000000195
11.593331543353635,0.9589678827347542,137.61881362985372,0.11284397958408152,0.005428662642234684,0.05250000000000075
73.03675478294268,0.9999985119981403,138.16927074074198,0.2808124015940324,0.0005,0.13000000000000186
54.42910068411221,0.42260568321708636,138.92117666785816,0.4704654994699201,0.28641714426342774,0.2725000000000039
102.71763830390174,0.340387951664264,138.24612082621775,0.2318625104503136,1.8164405044716352,0.13000000000000186
46.68915239187408,0.6052274059533047,138.99956815970086,0.414370352049089,0.029253135989616506,0.12500000000000178
67.13435410184167,0.11472811005834994,138.62537415453835,0.4483996580619455,9.237535148597392,0.3300000000000047
19.672275667870462,0.9927794380728039,139.38651085550708,0.20431810649460194,0.0017994650249996285,0.08000000000000114
75.1784894451923,0.17937797384533435,138.8020272796327,0.522245747827867,2.6906452978528606,0.4000000000000057
14.76000976522775,0.9822986537613371,139.56679324803216,0.19096046543286874,0.0005,0.03750000000000053
102.28270432566177,0.49651392508561865,139.0207716617459,0.3984217932648096,0.023858884852492268,0.11000000000000157
37.6331863173581,0.9770222477649806,139.7900744143354,0.15255359173331431,0.013306965522318085,0.07250000000000104
84.22309023027907,0.999320297085532,140.09895604567035,0.27050834776439214,0.0007003618493375559,0.11500000000000164
61.68834494763839,0.9992995603889221,140.89133856475982,0.30820219203509736,0.0005,0.12500000000000178
72.22920923780508,0.11846329406585793,140.68324267891967,0.4236003827021202,7.509112398970005,0.31250000000000444
12.548753133802158,0.9999960875336129,141.4886562756874,0.4856024301412924,0.00605925045941476,0.2250000000000032
85.58617949282683,0.12319226384396731,140.97587312114874,0.3254890062243275,7.5810307999540845,0.22000000000000314
46.59249504768697,0.999625474904187,141.78795873120632,0.34691771929682236,0.0005,0.1475000000000021
77.70428959286639,0.09998980128003698,141.75320757349675,0.4524426377594731,8.832611631492266,0.35500000000000503
17.502382462730004,0.9999905988567034,142.58350982643427,0.44421232436868513,0.0011194579046896185,0.20500000000000293
96.89325803436911,0.16198768689334397,141.87691946340942,0.24869975768617758,9.182270995907913,0.14500000000000207
25.058489442083573,0.9543521730300993,142.7101891581957,0.23531888463746686,0.0005184320115773457,0.025000000000000355
89.0895642809226,0.10568991309432643,142.39665454275783,0.4119280924468179,11.118985448310212,0.29750000000000426
16.8092357976183,0.924678221474364,143.2426039501793,0.26242040997977933,0.0005,0.020000000000000285
84.48235637924245,0.08151713955276968,142.6139657159666,0.4652934141166476,12.095816884435935,0.3800000000000054
9.77009081613351,0.9997345127725613,143.46532122072483,0.2972994359348431,0.0005,0.1325000000000019
93.44003786939145,0.0818959395764913,142.68642085416542,0.43032640203818207,12.095718721912185,0.34000000000000485
25.79606923191908,0.9887661847958534,143.53959284668483,0.15609802427712335,0.013853684391107518,0.07250000000000104
117.24054830228421,0.13139967927220944,143.02828014329057,0.26513078372266036,3.65076083549838,0.18500000000000263
20.363247524690088,0.9957653346555646,143.89011890502312,0.2173227798783498,0.0005,0.06500000000000093
92.60605155003701,0.06841465884898468,143.46248596864933,0.3813104386566883,15.860052545919954,0.29750000000000426
38.939414709624366,0.9820766110780512,144.33556706837027,0.24602230700531244,0.0005,0.032500000000000466
87.76250709634525,0.05586912253729979,144.17783146372378,0.4455795817173072,17.360388009284662,0.39250000000000557
14.405930600235717,0.9994318164778577,145.0700312211972,0.38459182331796843,0.13586787833517458,0.17750000000000252
96.74346295413828,0.12214222709753098,144.3273852537642,0.34358018315108974,7.555636423910338,0.23750000000000338
47.18721895740407,0.9901817681428501,145.223679587063,0.1927062514079471,0.02992729218019286,0.09000000000000129
91.00924885884693,0.11117556492783184,145.1221556232013,0.3847984645345745,11.12648258852459,0.2675000000000038
4.631423780659024,0.9978379447270924,146.04080401373918,0.37152422106827204,0.0031810055940647095,0.15250000000000216
125.88413637384515,0.04725280248002486,145.6739176753753,0.2994796355902286,15.836544892654146,0.24750000000000352
95.94715347481068,0.9804728658177914,146.60870065419772,0.158685886976835,0.02662338955615583,0.07500000000000107
104.19043235440442,0.026409601510572242,145.96468746678218,0.45441780566520845,15.334022843931761,0.6000000000000085
11.15825525830618,0.9624247395473232,146.90818640543912,0.12425819331978527,0.005777801842122969,0.05750000000000082
103.92742300767718,0.04427940872594389,146.0168723403526,0.44449936159603076,13.639690992340794,0.45500000000000645
5.997981370277153,0.9561471907842368,146.96195156141644,0.1990654959036427,0.0005,0.025000000000000355
103.56562690001958,0.026088062841952437,146.062097092517,0.4298583294915624,15.158215823710774,0.557500000000008
3.9481569262258946,0.9968965539674001,147.008549817174,0.22848108323128813,0.0008749325071788247,0.08500000000000121
103.86967093512152,0.04851295206174605,146.13921376597958,0.390250579874633,13.296493206420694,0.3650000000000052
3.560912351763794,0.9838246072954747,147.08801716390013,0.22978213405321554,0.0005,0.035000000000000496
105.14878972826673,0.12877177251831148,146.38857922172883,0.2389395716957472,7.546897158314964,0.1475000000000021
18.895488528195084,0.9786961768752439,147.3450588027731,0.13209453334574323,0.012737970179050057,0.06250000000000089
102.67712837068078,0.13088985332739778,146.4007125224233,0.2345798927690116,7.5494255878200285,0.14500000000000207
24.55634216493127,0.9823640831537745,147.35756855603398,0.1193816382961452,0.0005,0.03750000000000053
76.82619838164493,0.34687834577145094,146.64763645733186,0.24704706679617372,2.0683013480487578,0.13750000000000195
47.08740238188794,0.9940110621032133,147.61221418666975,0.12337339553080301,0.001693782726194973,0.055000000000000784
117.35353170120361,0.06184148168115571,147.1653971515133,0.30222775804799934,11.658301416577245,0.23750000000000338
15.822243144256802,0.9999997628227496,148.14655018253896,0.43659574946484436,0.0018555751336987324,0.20250000000000287
127.20353432573253,0.02959828915863682,148.09326609017353,0.4639584982565274,10.965752731487738,0.6275000000000089
13.917284421654669,0.9562379845763899,149.10549840417593,0.23621922977403784,0.0024533573987132956,0.06250000000000089
132.14846570351116,0.043080635549088746,148.19643892253342,0.4184426961782393,10.327227599543791,0.4500000000000064
10.460453129468616,0.9936321295456197,149.21224176062057,0.2571072448566815,0.0005,0.05250000000000075
180.80211495607463,0.3246434543875854,148.33447061279858,0.14567355186735068,0.8341536364268723,0.08250000000000117
31.239314295178858,0.9906486613126706,149.35508766418005,0.16461502909239648,0.0068095316160565605,0.07500000000000107
134.2719066482053,0.07214851088969675,148.84302022784433,0.2952280557537774,9.512602195318852,0.2250000000000032
7.751913854071726,0.9999558226576007,149.8817523635384,0.29093873803920617,0.02865358756175798,0.13500000000000192
133.5236073635793,0.07060407284013602,148.8495574602765,0.298567580662604,9.494418242265633,0.23000000000000329
7.793012276418944,0.9999911958872915,149.88852641810286,0.2931862838101526,0.008613176848640448,0.13500000000000192
26.977619492630186,0.9915933569098064,150.0189089043707,0.25700940068820616,0.0005,0.045000000000000644
53.21887554883048,0.9994935511686142,151.10195391589923,0.2005172675472451,0.0019133839802260675,0.09250000000000132
184.67462152915667,0.07132839364524356,150.26762282599907,0.19135375111019134,6.613008049244358,0.13500000000000192
5.142953230854385,0.988041070335813,151.36050498418584,0.23783042341689511,0.0009934275164820473,0.06000000000000086
192.02986812841647,0.07668463631666586,150.49552630939348,0.2534475071951317,6.209361701534726,0.19250000000000275
7.310586506939666,0.9621075428137316,151.59757351948272,0.14750706126502916,0.00147036576774671,0.05000000000000071
224.12933666974533,0.15883891030498082,150.71933703346826,0.16762354179704614,5.806499424556686,0.09500000000000135
32.59800227267022,0.9958591329795237,151.8305288840214,0.22586868636013221,0.06526610479165264,0.1050000000000015
207.93455348286236,0.025648323661064783,151.27895229990517,0.29389698273133263,5.001243307363348,0.420000000000006
15.710256296843676,0.9966978057591538,152.41365846726328,0.21948514670210015,0.0025094081465460503,0.09500000000000135
31.12044929580644,0.9999379345597439,152.76985826413457,0.2238681912907082,0.028614445507204316,0.1050000000000015
7.731812444132283,0.9789780904855704,153.97214927860423,0.1594036746099816,0.0005,0.035000000000000496
492.4020827770876,0.1529739148042119,153.15745335129742,0.14187760701405408,2.2414858865994622,0.08750000000000124
45.92726848200063,0.9984283901684619,154.37860787884551,0.17136038376628018,0.0005,0.07250000000000104
332.5060279477576,0.03958810436553306,154.25958500422848,0.1278027484811265,2.615766446474665,0.11750000000000167
10.92234142104632,0.9939150505484502,155.5376671760381,0.14634653689057028,0.0010695009513622036,0.06000000000000086
168.71195909283077,0.007769154266388981,155.3275111754911,0.1851834555728796,1.7052856896543236,0.5500000000000078
1.102485539618434,0.9993776266646849,156.665932118969,0.11401202283155511,0.0006106121244644783,0.05250000000000075
168.01064720445157,0.0064916194946923415,155.3710289246363,0.18220049620547765,1.6831622356822946,0.5875000000000083
1.314593077040106,0.9944703340302409,156.71202756962916,0.09697794961934397,0.0018381292714702163,0.045000000000000644
147.8887044509164,0.010270069336523083,156.08892783260836,0.10085306673801445,1.4792029971642824,0.210000000000003
10.235909140260254,0.964071996677653,157.47390944657084,0.065044378006132,0.006319547918179273,0.032500000000000466
122.44512753069685,0.0035835393927112344,156.2960097207687,0.09988742228889162,1.4112398141587574,0.5050000000000072
2.38374779515136,0.9986207634615852,157.6942134483194,0.1295176532847285,0.006037463155297058,0.06000000000000086
118.49430472495276,0.0006887408885922169,157.1126897292115,0.15915588377636297,0.9926184669023074,0.6225000000000088
21.27785316152295,0.9941096817520014,158.5655752939376,0.09608019464935282,0.032300145270452434,0.045000000000000644
121.08350928898244,0.0009054143740438224,157.172731230579,0.1136640296703613,0.951607361526774,0.5925000000000085
4.244813372830785,0.9933653694734866,158.6298053255529,0.06553567403689366,0.0005,0.03000000000000043
168.39939670391357,0.00266962301122104,157.2666099178476,0.07451620747300071,0.8845131137063519,0.4425000000000063
4.285323302366541,0.7288278873298779,158.7302815190202,0.027444184300727238,0.0005,0.015000000000000215
331.5548892142073,0.0002101887001983356,157.79025989700497,0.20063568225112907,0.2683741853157272,0.33250000000000474
611.8781055220311,4.277321844612626e-08,159.29185482164021,0.29366091408192924,0.19981668875655176,0.2875000000000041
